u_id,p_id,rating
0,542,3
0,287,3
0,163,0
0,775,3
0,310,0
0,739,5
0,161,3
0,296,3
0,452,3
0,121,3
0,240,0
0,608,0
0,95,3
0,162,0
0,609,5
0,485,0
0,409,5
0,348,3
0,279,5
0,78,3
0,245,3
0,162,0
0,412,3
0,341,5
0,203,5
0,341,5
0,728,3
1,512,5
1,512,5
2,633,3
3,228,0
3,298,3
4,700,3
4,498,0
5,726,0
5,465,5
5,755,3
5,146,3
5,538,3
6,443,0
7,116,5
7,294,3
7,139,0
8,69,5
9,844,5
9,824,3
9,824,3
10,610,5
11,715,5
12,15,0
12,78,3
12,667,3
12,667,3
12,69,3
12,324,3
12,553,3
12,428,0
12,184,0
12,184,0
12,312,0
13,675,3
14,546,0
15,272,5
16,7,5
17,804,5
18,161,5
18,843,5
19,412,5
19,707,5
20,399,0
20,399,0
21,489,0
22,138,3
23,235,5
23,121,3
23,45,5
23,570,0
23,672,0
23,607,3
23,357,5
23,491,3
24,169,5
25,119,5
26,562,5
27,383,5
28,401,5
28,109,3
28,109,3
28,465,3
28,833,5
29,809,5
29,661,5
30,461,5
30,801,5
31,542,3
32,109,5
32,781,3
32,305,5
32,380,5
32,109,5
33,806,3
33,343,3
33,656,3
33,640,3
34,154,5
34,297,5
35,441,5
35,441,5
35,804,5
35,412,5
35,400,5
36,597,0
37,240,5
38,226,5
39,574,0
40,22,3
40,22,3
40,394,3
41,143,3
42,228,3
43,346,5
44,75,5
45,443,5
46,143,5
47,412,0
47,377,3
48,399,3
48,249,5
48,249,5
48,422,5
48,399,3
48,329,3
48,455,5
48,437,3
48,415,5
49,720,5
50,338,5
51,6,5
52,692,5
53,486,3
54,700,5
55,567,0
56,191,0
57,707,5
57,399,5
57,443,3
57,192,5
57,204,5
57,739,3
57,553,5
57,286,3
57,439,5
57,192,5
57,428,5
57,717,5
57,399,5
57,826,3
57,400,5
57,383,5
57,408,5
57,183,5
58,215,3
59,615,5
60,427,5
60,287,5
61,784,3
61,408,5
62,816,0
63,64,3
64,383,5
65,771,5
65,25,5
65,412,5
65,754,5
65,108,5
65,108,5
66,342,3
66,342,3
67,816,3
67,790,3
67,95,5
67,338,3
67,389,5
67,808,3
67,483,5
67,409,3
67,333,3
67,64,3
67,696,3
67,656,3
68,245,5
68,245,0
68,174,5
68,333,3
68,243,5
68,443,5
68,505,5
68,176,5
69,161,3
69,180,3
69,739,5
69,354,3
69,800,3
69,152,5
69,526,5
70,759,5
71,784,3
72,103,3
72,176,3
72,785,5
72,177,3
72,177,0
72,202,5
72,809,5
72,495,5
73,542,5
74,704,5
75,399,5
75,791,0
75,399,5
75,816,0
76,354,5
76,203,5
76,610,5
76,9,5
76,668,5
77,542,3
77,256,5
77,256,5
78,542,5
79,311,5
80,784,5
81,383,5
81,258,5
81,784,5
81,784,5
81,530,5
82,55,5
83,174,5
84,69,3
85,117,3
85,135,5
86,7,3
87,12,5
87,140,5
87,771,5
87,572,5
88,176,3
88,344,3
88,789,3
88,78,5
88,152,0
89,245,0
90,294,0
91,226,5
91,542,5
91,124,5
92,443,5
92,443,3
92,69,5
92,415,3
93,98,3
93,383,5
93,98,3
93,364,3
93,661,5
94,161,5
95,443,0
96,560,5
96,298,0
96,456,3
96,815,3
97,408,3
98,383,5
99,298,5
99,298,5
100,493,5
100,663,5
100,415,5
100,255,3
101,95,5
101,824,5
101,194,0
101,152,5
101,176,5
101,256,5
101,87,3
101,546,5
101,177,5
101,824,5
101,90,5
101,298,3
101,256,5
101,99,5
101,708,3
101,743,3
102,443,3
102,448,5
103,15,5
104,250,3
105,408,3
106,472,0
107,316,5
108,245,5
108,804,5
109,281,0
110,443,0
111,824,3
111,559,3
111,553,3
111,443,0
111,707,5
111,406,5
111,383,5
111,512,5
111,152,5
111,478,5
111,824,3
111,708,5
111,559,3
111,512,5
111,661,5
112,299,3
112,533,3
112,815,0
112,427,0
113,784,3
113,275,3
113,800,5
114,256,5
114,542,5
114,256,5
115,512,0
115,512,0
116,505,5
117,815,0
118,338,3
118,804,0
118,331,5
118,498,3
118,816,0
118,737,5
118,778,5
118,51,5
119,443,3
120,476,5
121,109,5
121,109,5
121,256,0
121,95,5
121,256,0
121,681,3
121,412,5
121,78,5
121,528,5
121,67,5
122,456,5
123,7,5
124,553,5
125,784,5
125,415,5
125,245,5
126,191,3
126,245,5
126,383,3
126,584,0
126,784,3
126,138,5
126,103,0
126,135,5
127,542,5
127,245,5
128,496,5
128,461,5
128,78,5
128,546,3
128,472,5
128,294,3
129,583,5
130,69,5
130,49,5
130,178,3
130,459,5
130,459,5
130,399,5
130,399,5
130,121,3
130,95,5
130,49,5
130,804,5
130,496,5
130,656,3
130,459,5
131,504,5
132,85,5
133,161,3
134,784,5
135,75,5
136,192,5
136,582,5
136,283,5
136,780,5
136,748,5
136,553,5
136,313,5
136,490,5
136,818,0
136,804,5
137,617,5
138,496,5
138,587,5
138,194,5
139,173,5
140,151,5
141,443,5
141,465,5
141,324,5
142,553,5
142,142,5
142,383,5
142,222,5
142,808,5
142,784,5
142,87,5
142,266,5
142,369,5
142,69,5
142,701,5
142,542,5
143,786,5
143,383,0
143,786,5
143,103,5
144,456,3
145,138,5
146,142,5
147,542,3
148,748,5
148,331,5
149,245,5
150,486,5
150,383,5
150,542,3
150,427,5
150,369,3
151,569,3
152,443,5
152,824,5
152,228,3
152,310,3
152,22,5
152,667,5
152,613,3
152,542,5
152,304,3
152,550,5
152,69,3
152,106,5
152,22,5
152,35,5
152,95,5
152,664,3
152,501,3
152,266,5
152,667,5
152,816,5
152,7,3
152,49,5
152,152,3
152,833,5
152,430,3
152,159,5
152,560,5
152,119,5
152,207,3
152,630,5
152,78,5
152,99,3
152,824,5
152,576,5
152,511,5
152,49,5
153,257,5
154,66,5
154,633,5
154,816,0
154,66,5
155,833,0
156,243,5
156,687,3
157,119,5
158,383,5
159,816,0
160,476,5
161,423,3
162,383,3
163,427,5
164,483,5
164,15,5
165,443,5
166,816,0
166,665,3
166,123,3
167,7,3
168,496,5
169,398,5
169,637,5
169,161,0
170,701,5
170,246,3
171,383,5
172,427,3
172,297,5
172,43,3
173,327,5
173,95,5
173,69,3
174,344,5
175,72,5
176,588,3
177,542,0
178,383,5
178,51,3
178,183,5
178,183,5
178,569,5
178,784,3
178,443,0
178,69,3
179,334,5
179,470,5
179,213,5
179,671,5
180,771,5
181,485,5
182,82,0
182,258,3
182,443,5
182,825,5
183,145,5
183,364,5
183,406,5
184,257,5
185,668,5
186,619,3
187,59,0
188,428,5
189,485,5
190,15,5
190,225,3
190,553,5
190,427,0
190,245,5
191,64,5
192,412,5
193,505,3
193,81,5
194,91,5
195,124,3
196,199,5
197,383,5
198,56,0
199,245,5
199,668,3
199,542,3
200,318,5
201,243,5
201,243,5
201,243,5
201,408,0
201,409,3
201,243,5
201,257,0
201,313,0
202,701,5
203,56,5
203,489,3
204,784,5
204,816,3
205,443,5
205,668,5
205,542,5
206,542,3
207,542,3
207,245,3
207,542,3
208,490,5
208,24,3
208,203,5
208,656,3
209,109,3
209,109,3
209,443,3
210,542,0
210,121,3
210,161,5
210,78,5
211,79,5
212,784,0
213,265,5
214,819,5
215,15,3
215,287,5
215,357,3
215,95,3
215,149,3
215,799,3
215,843,3
215,744,3
215,564,3
215,366,3
215,331,3
215,174,5
215,542,3
215,665,0
215,737,3
215,409,5
215,695,3
215,142,3
216,228,5
216,338,5
216,338,5
217,245,5
217,553,5
217,804,5
217,368,5
218,369,3
219,176,5
220,443,0
221,82,5
221,258,5
221,258,5
222,553,5
223,349,5
224,542,3
225,117,5
226,542,3
226,784,5
226,109,5
226,109,5
226,844,3
226,668,5
227,804,3
227,624,3
228,161,5
229,223,5
229,223,5
230,512,5
230,512,5
231,542,5
231,383,5
232,49,3
232,49,3
232,816,3
232,804,5
233,609,5
234,66,3
234,486,5
234,245,5
234,161,5
234,542,5
234,66,3
234,245,5
235,333,5
236,383,5
237,784,5
238,412,5
239,439,3
240,784,3
240,804,5
241,49,5
241,49,5
241,824,5
241,153,3
241,824,5
241,226,3
242,806,5
242,490,5
243,780,5
243,542,5
244,153,3
245,778,5
245,665,3
246,737,3
246,524,5
246,737,3
247,204,5
247,245,5
247,609,3
248,428,0
249,203,5
250,609,5
250,542,5
251,784,3
252,482,0
253,426,5
253,588,0
253,443,0
253,681,3
253,214,3
253,132,5
253,665,3
253,553,5
253,376,3
253,426,5
253,100,3
253,775,0
253,574,5
253,784,3
253,258,3
254,553,3
255,55,5
256,270,5
256,677,5
256,245,5
256,804,5
257,844,5
258,136,5
258,517,0
259,443,0
260,804,3
261,287,0
262,701,5
263,816,5
264,412,5
265,667,5
265,667,5
266,542,5
267,408,5
268,750,3
268,34,5
268,333,0
269,43,3
269,344,3
269,250,0
269,266,5
269,274,5
269,261,5
270,823,5
270,823,5
270,823,5
271,333,3
272,245,3
273,250,3
274,816,0
275,313,5
275,730,5
275,399,5
275,166,5
275,21,3
275,76,3
275,245,3
275,73,3
275,804,5
275,818,0
275,667,5
275,342,5
275,174,5
275,806,0
275,608,3
275,517,3
275,289,3
275,445,3
275,780,5
275,55,5
275,225,3
275,358,5
275,383,3
275,569,3
275,553,5
275,701,3
275,176,5
275,415,5
275,399,5
275,342,5
275,187,3
275,667,5
276,443,0
277,157,5
278,28,5
278,309,5
278,443,5
278,299,5
278,427,5
278,137,3
278,252,5
278,252,5
279,223,0
279,79,0
279,593,5
279,184,5
279,184,5
279,223,0
279,814,0
279,304,0
280,656,5
280,331,5
280,656,5
280,47,0
280,124,3
280,654,3
280,379,5
281,401,5
281,801,5
281,15,5
281,245,5
281,408,5
281,553,5
281,552,5
281,654,5
281,443,5
281,95,5
281,335,5
281,415,3
281,472,5
282,662,5
283,496,5
284,312,5
285,245,5
286,701,3
286,161,5
286,152,0
286,15,5
286,101,0
286,687,3
286,219,0
286,39,3
286,619,3
286,634,3
286,784,3
287,695,5
288,412,5
288,166,3
288,771,5
288,383,0
288,108,5
289,383,5
290,25,5
291,245,0
291,1,3
291,389,3
292,633,3
293,505,0
294,465,5
295,397,5
295,119,5
296,428,5
296,197,5
297,153,0
298,223,5
298,223,5
299,494,3
300,6,5
300,456,3
301,60,5
302,485,5
302,95,5
302,609,5
303,191,0
304,474,5
305,759,0
306,574,0
307,553,5
307,195,0
307,443,3
308,708,3
308,765,3
308,674,5
308,353,3
308,517,5
308,729,5
308,218,5
308,811,5
308,485,5
308,203,5
308,259,3
308,822,3
308,765,3
308,822,3
308,709,3
308,364,3
308,816,0
308,452,5
308,109,3
308,542,3
308,109,3
309,630,5
310,443,3
311,268,5
312,443,3
313,791,3
314,443,5
314,443,5
315,253,5
315,483,5
316,456,3
317,665,3
318,399,0
318,516,3
318,399,0
318,93,5
318,95,3
318,443,0
319,304,0
320,161,3
320,701,5
321,304,5
322,542,5
322,792,0
323,843,5
323,443,5
324,338,5
325,109,5
325,109,5
326,439,5
326,602,5
326,701,5
326,667,3
326,399,5
326,399,5
326,183,5
326,183,5
326,183,5
326,399,5
326,404,3
326,399,5
326,399,5
326,351,5
326,661,0
326,342,0
326,56,5
326,602,5
326,404,3
326,110,5
326,399,5
326,22,0
326,342,0
326,737,3
326,737,5
326,707,3
326,248,5
326,429,5
326,615,5
326,266,3
326,715,5
326,291,3
326,22,0
326,737,5
326,383,3
326,109,3
326,206,5
326,109,3
326,667,3
327,804,5
328,95,5
328,737,5
328,665,3
329,443,3
330,412,5
331,312,5
332,784,0
333,291,3
333,387,3
334,815,0
335,486,0
336,542,3
337,569,5
338,569,3
339,142,5
340,793,5
340,490,5
341,319,0
342,203,5
343,69,3
344,245,3
345,816,5
345,833,5
345,784,5
345,443,5
345,445,0
345,66,5
345,35,0
345,66,5
345,245,5
345,542,3
345,465,3
345,383,5
345,569,3
345,69,5
345,609,3
345,816,5
345,176,5
345,815,5
346,15,5
347,521,5
347,408,5
347,542,5
348,784,5
349,751,5
349,538,3
349,833,5
349,78,5
349,592,0
349,598,0
349,291,5
350,703,3
350,253,5
351,145,5
351,784,5
351,267,5
352,310,0
353,193,5
353,804,3
353,808,5
353,490,5
353,808,5
354,55,5
355,443,5
356,698,5
357,152,5
358,258,5
359,66,5
359,66,5
360,542,5
361,755,0
361,489,3
361,445,3
362,211,5
362,844,5
363,443,5
363,512,5
363,512,5
364,203,5
365,109,5
365,109,5
366,245,0
367,784,5
367,138,5
368,25,5
368,25,5
368,754,5
368,203,5
368,539,5
369,174,5
369,338,5
370,542,3
371,587,3
371,681,5
372,620,5
372,9,5
372,344,5
372,502,3
372,354,3
372,429,3
372,60,5
372,7,5
372,409,5
372,263,0
373,173,3
374,137,0
375,43,3
375,35,3
375,109,3
375,465,5
375,609,5
375,109,3
376,542,0
377,245,5
378,784,3
379,245,3
380,408,0
380,408,0
380,243,5
380,243,5
381,299,5
381,305,0
382,123,3
382,659,0
383,329,0
383,676,5
384,213,3
385,264,5
385,144,5
386,252,5
386,298,5
386,252,5
387,64,5
388,368,5
389,34,5
390,499,5
391,816,0
392,553,5
392,749,5
393,55,3
394,103,5
395,784,3
396,119,3
397,245,0
398,360,5
398,153,0
398,701,5
399,476,5
400,364,3
401,526,5
402,245,5
403,731,3
403,369,3
404,704,3
404,587,5
404,49,5
404,713,5
404,49,5
404,713,5
405,49,5
405,704,0
405,49,5
406,538,5
406,195,5
406,816,3
407,803,5
408,322,5
408,412,5
409,272,5
410,460,5
411,687,0
412,810,5
412,580,5
412,350,5
412,359,0
413,784,5
414,251,3
414,82,5
414,388,3
414,103,5
414,383,3
414,651,5
414,569,5
414,388,3
415,654,5
416,500,5
417,804,3
418,20,5
419,258,3
420,15,5
421,737,5
421,787,5
421,688,5
421,715,5
422,312,5
422,204,5
422,100,3
423,368,5
424,95,5
424,109,5
424,619,5
424,109,5
424,327,5
424,656,5
425,95,5
426,443,3
426,800,5
427,653,5
427,378,5
427,210,5
428,695,3
428,100,3
429,617,5
430,245,5
430,542,5
430,109,0
430,161,3
430,333,5
430,109,0
430,107,3
430,107,3
431,214,3
431,784,3
432,538,5
432,737,5
432,816,0
432,505,5
433,736,5
433,208,3
433,327,3
433,765,5
433,816,5
433,380,5
433,569,3
433,203,5
433,765,5
433,152,3
433,542,5
434,587,3
434,463,5
435,103,0
435,553,3
436,266,5
436,439,5
437,383,5
438,383,5
439,88,5
439,542,5
439,636,5
439,109,5
439,443,3
439,226,5
439,701,5
439,608,5
439,226,3
439,21,5
439,465,5
439,109,5
439,309,5
439,609,5
439,21,5
439,221,5
439,95,5
439,250,5
439,614,5
439,790,5
440,443,3
441,784,5
442,761,3
443,609,3
444,74,5
445,637,0
445,839,5
446,762,5
446,538,3
446,324,5
446,715,5
447,784,5
448,486,3
449,20,0
449,719,0
450,515,5
451,282,0
452,141,5
452,435,5
452,543,5
452,701,5
453,433,5
453,399,5
453,78,5
453,49,3
453,553,5
453,486,5
453,668,5
453,399,5
453,772,5
453,696,3
453,833,5
453,34,5
453,800,3
453,661,5
453,245,5
453,49,3
453,212,5
453,176,3
453,383,5
453,157,5
454,771,5
454,555,5
455,257,0
455,243,5
455,243,5
456,505,5
457,456,3
458,342,5
458,95,5
458,69,5
458,342,5
459,238,3
459,399,5
459,238,3
459,597,5
459,399,5
460,256,5
460,256,5
461,302,5
461,348,5
462,687,0
463,51,5
463,1,3
463,609,3
464,162,3
464,162,3
465,493,5
465,413,5
465,332,5
465,540,5
465,778,5
466,523,5
466,49,5
466,422,5
466,296,3
466,161,3
466,574,0
466,369,3
466,583,5
466,118,3
466,456,3
466,49,5
466,523,5
466,570,3
466,538,5
466,782,3
467,258,5
468,815,5
469,815,5
469,95,3
470,542,5
470,619,5
470,412,3
470,203,5
471,151,5
472,49,3
472,383,5
472,443,3
472,66,5
472,542,5
472,609,3
472,66,5
472,49,3
472,66,5
472,66,5
473,51,5
474,435,3
474,505,5
474,258,0
474,358,5
475,220,5
476,266,5
476,266,5
476,443,5
476,327,3
476,344,5
476,66,3
476,383,5
476,66,3
476,245,3
476,542,5
477,553,5
478,275,5
478,103,3
479,64,5
480,833,0
481,55,5
482,408,5
483,529,5
484,356,0
485,574,5
485,737,3
485,304,0
486,737,5
487,437,0
487,250,3
488,569,5
488,833,5
489,412,5
489,245,3
490,715,0
491,81,5
492,816,0
493,81,3
493,204,5
494,98,3
494,98,3
495,383,0
496,69,5
497,305,0
498,64,5
498,197,5
498,784,3
499,55,0
500,153,3
500,138,5
500,542,5
500,512,5
500,784,5
500,22,5
500,258,5
500,512,5
500,633,3
500,22,5
501,261,5
502,486,5
502,443,5
503,737,5
503,701,5
503,437,3
503,399,5
503,542,5
503,399,5
504,255,5
505,238,5
505,238,5
505,765,5
505,765,5
506,542,3
506,228,0
506,816,0
507,443,5
508,788,5
509,816,5
509,490,3
509,399,5
509,443,3
509,64,5
509,317,5
509,399,5
510,665,3
511,845,5
512,824,5
512,824,5
513,299,5
514,443,0
515,507,5
516,399,0
516,399,0
516,383,5
517,490,5
518,431,5
518,431,5
518,363,5
518,402,3
518,356,5
518,517,3
518,440,5
518,377,5
518,442,5
518,54,5
518,566,5
518,442,5
518,385,5
518,450,3
518,766,5
518,627,3
518,11,5
518,8,5
518,503,5
518,44,5
518,118,5
518,556,3
518,542,5
518,233,3
518,804,5
518,414,5
519,567,5
520,759,5
520,170,5
521,383,5
521,701,3
522,109,0
522,109,0
523,156,5
524,777,5
525,428,5
525,220,3
525,383,5
525,784,5
526,815,5
526,245,5
526,542,5
527,65,5
527,603,5
527,66,3
527,255,5
527,443,5
527,66,3
527,409,5
527,81,5
528,657,0
528,804,0
529,815,5
530,71,0
530,275,3
530,486,3
530,482,0
530,151,3
530,512,3
530,726,0
530,428,5
530,71,0
530,324,0
530,258,5
530,299,5
530,427,5
530,309,3
530,512,3
530,130,5
530,752,5
531,69,5
532,542,5
532,665,5
533,183,5
534,281,5
534,816,0
534,542,3
535,69,5
536,408,5
537,81,5
538,299,5
539,808,5
540,737,5
541,123,5
541,833,5
542,838,0
543,125,5
543,399,5
543,399,5
544,415,3
545,109,3
545,109,3
545,245,0
546,234,5
546,667,5
546,667,5
547,64,5
547,609,5
547,711,5
547,333,5
547,486,5
547,542,5
547,287,5
547,341,5
548,104,3
549,15,5
550,778,5
550,138,5
551,411,3
552,559,5
552,559,5
553,443,0
554,806,5
554,715,5
554,406,5
554,553,5
554,619,5
554,138,3
555,476,5
555,462,3
555,327,5
555,431,5
555,208,3
555,831,5
555,315,5
555,291,5
555,793,3
555,431,5
556,49,5
556,49,5
557,78,5
558,389,5
558,119,5
559,735,3
559,717,5
560,22,5
560,22,5
561,419,5
562,443,0
562,51,5
562,237,5
562,377,5
562,364,3
563,574,5
564,428,5
564,1,5
565,203,5
566,161,5
566,341,5
567,604,5
567,594,5
567,230,3
567,833,5
567,504,5
567,403,5
567,232,5
567,382,5
567,513,3
567,284,3
567,124,3
567,179,5
567,800,3
567,567,3
567,51,5
567,677,5
567,50,5
567,488,5
567,50,5
567,389,5
567,129,5
567,50,5
567,403,5
567,50,5
567,800,3
568,656,0
569,560,5
570,166,5
571,245,0
572,768,5
573,123,5
574,176,5
575,765,5
575,765,5
576,560,0
577,707,5
577,338,5
577,183,0
578,295,5
579,119,5
580,312,3
580,804,5
581,816,0
582,443,5
583,533,3
584,588,3
585,415,3
585,186,5
586,199,5
587,100,5
588,703,5
589,424,3
589,693,5
589,542,3
590,419,5
591,367,5
592,737,5
593,95,5
594,785,0
595,641,5
596,245,0
597,257,5
597,356,5
598,403,5
598,403,5
599,667,5
599,596,5
599,574,5
599,524,5
599,24,5
599,667,5
599,596,5
600,49,3
600,49,3
601,681,5
601,619,5
601,78,5
602,682,5
603,81,5
604,184,5
604,184,5
605,798,5
606,313,5
607,667,5
607,399,5
607,574,3
607,183,5
607,553,5
607,667,5
607,399,5
607,173,5
607,183,5
607,78,3
607,408,5
607,439,5
608,81,5
609,399,0
609,399,0
610,204,5
611,34,5
612,754,5
612,168,5
613,787,5
613,225,3
613,15,3
614,15,5
614,333,3
615,784,3
616,388,0
617,195,5
618,2,5
619,542,0
620,737,5
620,737,5
621,299,3
622,728,5
622,24,0
623,759,3
624,81,5
625,221,5
625,221,5
626,773,5
626,178,0
626,638,5
627,151,0
627,777,0
628,298,0
629,49,5
629,49,5
630,191,3
630,763,3
631,408,0
632,558,5
632,558,5
633,443,5
634,122,3
635,583,5
636,786,3
636,553,3
637,737,5
637,553,5
637,443,5
637,465,3
637,820,5
638,415,5
639,7,3
639,66,5
639,161,5
639,465,0
639,575,0
639,66,5
639,542,5
640,313,5
640,150,5
641,462,5
642,354,5
643,553,0
643,396,5
643,156,0
643,399,3
643,399,3
643,188,5
644,505,3
645,78,5
646,207,0
647,609,5
648,542,0
649,239,5
649,161,5
650,16,5
650,310,0
650,380,5
650,266,5
650,380,5
651,560,3
651,24,5
652,266,5
653,485,5
654,252,5
654,252,5
655,215,0
656,563,5
656,183,5
656,553,5
656,546,3
656,174,5
656,257,5
657,95,5
657,250,5
657,250,3
658,465,3
659,591,5
659,40,5
660,509,5
661,47,5
662,174,3
662,577,3
663,71,5
663,138,5
663,71,5
663,324,5
663,245,3
663,133,5
663,27,0
663,569,5
663,415,5
663,88,5
663,443,0
664,493,0
664,37,5
664,338,5
664,761,5
664,673,5
664,28,5
665,266,5
666,778,5
666,225,5
666,505,5
667,176,5
667,816,5
668,399,5
668,399,5
669,784,5
670,793,5
671,776,5
672,64,5
672,582,5
673,553,0
674,471,5
674,465,5
674,438,5
675,354,5
676,173,5
677,354,5
678,784,5
679,514,5
680,808,5
681,631,3
681,706,3
682,287,5
683,333,5
683,69,5
684,449,5
685,441,5
685,800,3
685,760,5
685,800,3
685,21,5
685,334,5
685,441,5
685,461,5
685,615,5
685,828,3
685,639,3
685,166,3
685,608,3
685,779,3
685,123,5
685,333,0
685,585,3
685,617,3
685,739,5
685,778,5
685,670,3
685,843,3
685,809,3
685,809,5
685,551,3
685,329,3
685,368,3
685,569,3
685,761,5
685,561,5
685,45,5
685,427,5
685,778,5
685,472,3
685,443,0
685,119,3
685,554,5
685,176,5
685,636,5
685,369,5
685,690,3
685,344,3
685,266,3
685,295,5
685,12,5
685,152,5
685,14,3
686,555,5
686,183,5
686,69,5
686,166,5
686,180,5
686,358,5
687,266,5
688,804,3
688,245,3
688,179,5
688,829,3
689,408,5
690,389,5
691,383,5
692,4,5
693,239,5
693,119,5
694,373,5
695,45,5
695,285,5
695,394,5
695,637,5
696,412,5
697,542,0
698,7,0
699,459,5
699,399,3
699,403,5
699,459,5
699,403,5
699,415,3
699,399,3
700,256,5
700,256,5
701,609,5
701,176,5
702,99,5
702,822,5
702,287,5
702,822,5
702,291,5
703,443,5
704,257,5
705,820,3
706,112,3
707,142,3
708,605,3
708,200,5
708,388,5
709,804,5
710,253,0
710,69,0
710,331,5
711,251,0
712,737,3
712,174,5
712,553,5
712,329,5
712,778,5
712,737,3
712,443,5
713,245,5
713,804,5
714,245,5
714,245,5
715,822,0
715,427,0
715,707,5
715,553,5
715,369,3
715,383,5
715,443,3
715,45,3
716,734,5
716,596,5
716,322,0
716,462,5
716,713,5
716,820,5
716,606,3
716,28,5
716,67,3
716,408,5
716,529,3
716,95,3
716,528,3
716,393,5
716,439,5
716,7,3
716,669,5
716,734,5
716,427,5
716,667,5
716,315,3
716,525,5
716,22,3
716,773,5
716,151,3
716,208,5
716,369,5
716,451,5
716,203,5
716,453,5
716,22,3
716,796,3
716,558,5
716,392,3
716,377,5
716,609,3
716,199,3
716,314,5
716,56,5
716,558,5
716,33,3
716,473,5
716,126,3
716,743,3
716,165,5
716,617,5
716,294,5
716,686,3
716,24,5
716,79,3
716,162,3
716,228,3
716,713,5
716,685,5
716,152,3
716,448,5
716,252,3
716,590,3
716,252,3
716,94,5
716,691,5
716,691,5
716,20,3
716,324,3
716,667,5
716,496,5
716,162,3
716,560,5
716,367,5
716,596,5
716,78,3
716,457,3
716,194,3
717,174,5
718,456,5
719,815,5
719,348,5
719,143,5
719,69,0
720,700,5
721,727,5
721,22,5
721,256,3
721,542,5
721,550,3
721,439,5
721,498,3
721,22,5
721,256,3
721,102,5
721,408,5
721,787,5
721,549,5
722,241,5
723,553,3
723,174,5
724,524,3
724,45,5
725,619,3
725,505,0
726,663,5
727,553,5
727,498,3
727,462,5
728,173,5
729,686,5
730,833,0
731,596,5
731,596,5
732,840,5
732,368,3
732,778,5
732,408,5
733,759,3
733,541,3
733,445,3
733,380,3
733,732,5
733,80,5
734,81,5
735,138,5
735,87,5
736,333,3
737,213,5
737,97,5
738,752,5
739,366,5
740,151,5
740,225,5
741,688,5
741,223,5
741,223,5
742,64,5
743,109,3
743,465,3
743,109,3
743,443,3
744,795,5
744,257,5
744,383,5
745,43,3
745,553,0
745,369,3
745,153,3
745,219,5
746,333,5
746,333,5
746,96,5
747,287,0
747,204,5
747,204,5
747,63,5
747,123,5
747,609,0
748,15,5
749,338,0
750,48,5
750,183,5
750,174,5
750,183,5
751,736,5
751,203,5
752,813,5
753,816,0
754,245,5
755,737,5
756,338,0
756,609,3
756,816,0
757,668,3
757,138,5
757,116,0
757,216,5
757,737,5
757,503,5
757,688,5
757,553,5
758,124,3
758,833,5
759,123,5
759,123,5
759,619,5
760,12,5
760,349,5
760,574,5
761,127,3
762,78,5
762,807,5
762,191,0
762,327,5
762,542,5
762,476,5
762,518,3
763,215,5
763,258,5
763,324,5
763,267,5
763,470,5
763,15,5
763,267,5
763,267,5
763,258,5
763,258,5
763,399,5
763,399,5
763,715,3
763,267,5
763,267,5
763,623,5
763,258,3
763,214,5
763,267,3
763,214,5
763,542,3
763,214,5
763,82,3
764,816,5
765,45,3
766,393,5
767,619,5
768,174,5
768,354,5
768,703,3
768,477,3
769,249,5
769,80,3
770,569,5
770,445,5
770,161,5
770,49,5
770,49,5
771,524,5
771,737,0
771,737,0
772,808,5
773,654,5
773,553,5
774,700,5
774,89,5
774,820,3
775,753,5
776,302,5
777,226,5
777,354,5
778,441,5
778,752,5
778,653,5
778,443,5
778,411,3
778,611,3
778,374,0
778,738,5
778,553,5
778,701,5
778,441,5
778,816,3
778,358,5
778,118,5
778,482,3
778,309,5
778,572,5
779,399,5
779,399,5
779,399,5
779,399,5
780,443,3
780,816,5
780,553,5
780,399,5
780,103,3
780,399,5
780,567,3
780,338,3
780,553,5
780,295,3
780,257,3
780,805,3
780,257,5
781,443,0
782,609,5
783,245,5
784,408,3
784,804,5
785,656,5
785,66,5
785,161,5
785,66,5
786,512,3
786,512,3
787,408,5
788,13,3
789,380,3
789,815,0
789,668,5
790,203,5
790,66,5
790,835,3
790,66,5
790,162,3
790,254,3
790,784,5
790,69,5
791,483,5
791,81,0
791,483,5
792,443,0
792,844,5
792,203,5
793,784,3
794,10,5
795,338,5
796,588,3
796,504,5
796,396,3
796,517,3
796,396,5
796,304,3
796,179,5
796,588,3
796,762,5
796,588,3
796,588,3
796,548,5
796,174,5
796,422,5
796,432,5
797,338,5
798,427,5
799,777,5
799,661,5
799,602,5
800,784,5
800,113,5
800,298,5
800,577,3
800,154,3
801,78,5
801,717,5
802,183,5
803,784,3
803,619,5
804,81,5
805,24,5
805,408,5
805,338,5
805,544,5
805,820,5
805,737,5
806,784,5
807,56,5
808,212,5
809,221,3
810,737,5
811,560,3
812,542,5
813,804,5
814,399,5
814,399,5
815,101,0
815,332,3
815,804,5
815,276,3
815,109,5
815,7,5
815,185,3
815,737,3
815,665,5
815,687,5
815,342,5
815,204,5
815,695,5
815,412,3
815,619,5
815,619,5
815,399,3
815,174,5
815,497,3
815,806,3
815,15,5
815,245,0
815,342,5
815,312,3
815,754,5
815,109,5
815,483,5
815,816,3
815,203,5
815,542,3
815,123,3
815,399,3
816,681,5
817,443,5
817,9,5
818,138,5
819,553,5
820,567,3
821,513,3
821,661,3
821,383,5
821,668,3
821,348,5
822,737,5
823,804,3
824,316,5
825,605,0
826,253,5
826,203,5
826,833,5
826,837,3
826,681,5
826,157,5
826,701,5
827,768,3
828,245,5
829,784,3
829,443,3
830,833,5
831,486,3
832,358,5
832,358,3
832,701,5
832,694,5
833,399,5
833,399,5
833,399,5
833,399,5
834,78,5
835,179,5
836,369,3
836,427,3
836,560,5
836,816,5
836,191,3
836,245,3
836,486,3
836,151,3
836,245,5
836,648,5
836,804,3
836,220,0
837,256,5
837,256,5
837,255,5
838,408,5
839,668,3
839,412,5
839,577,3
839,8,3
839,764,3
839,224,3
840,816,0
841,258,3
842,33,5
843,267,5
843,258,5
844,95,3
844,300,3
845,298,0
846,298,0
847,55,5
848,477,5
849,223,3
849,223,3
850,49,5
850,49,5
851,203,5
852,291,5
852,38,5
852,338,5
852,465,3
852,72,5
852,674,5
853,542,5
854,383,5
855,619,0
855,656,0
856,123,0
857,833,5
857,793,5
857,784,3
857,408,0
858,358,5
859,291,5
859,78,3
859,804,3
860,404,5
860,415,5
860,404,5
860,769,5
860,574,5
860,840,5
861,465,0
861,24,3
861,80,5
861,342,5
861,412,5
861,15,5
861,218,3
861,342,5
861,737,5
861,191,0
862,658,5
863,197,5
863,197,5
864,824,5
864,824,5
865,412,5
865,298,5
866,642,5
866,508,3
866,69,5
867,292,5
867,18,5
867,569,5
867,291,5
867,22,3
867,255,5
867,787,5
867,22,3
867,205,5
867,422,5
867,574,5
868,321,3
868,509,5
868,495,3
868,574,3
868,264,3
868,816,3
868,415,5
868,412,3
869,677,5
870,78,5
871,553,5
871,188,5
871,399,5
871,399,5
872,565,0
872,191,5
873,287,0
873,412,5
874,119,5
874,353,3
874,465,3
874,656,5
874,443,3
875,681,5
876,153,0
876,739,5
876,511,5
876,220,0
877,399,5
877,399,5
878,408,5
879,803,3
879,245,5
880,245,5
880,191,3
881,476,3
881,170,0
882,383,5
882,737,5
883,377,5
884,546,5
884,443,3
884,677,5
884,35,5
884,245,3
885,51,5
885,226,3
886,69,5
887,707,3
887,443,5
887,12,5
887,542,5
888,542,3
888,462,0
888,737,5
889,569,5
890,415,5
891,489,3
891,7,3
892,55,3
892,829,3
892,257,5
893,542,0
894,632,3
894,765,5
894,755,5
894,793,5
894,245,5
894,342,5
894,96,5
894,833,5
894,15,5
894,1,3
894,465,3
894,681,3
894,95,5
894,804,3
894,342,5
894,609,5
894,793,5
894,95,5
894,391,5
894,487,5
894,509,5
894,612,5
894,268,5
894,576,5
894,765,5
894,15,5
894,71,5
894,123,5
894,831,5
894,95,5
894,754,3
894,609,5
894,831,3
894,806,5
894,71,5
894,816,5
895,740,5
895,555,5
895,85,5
895,461,5
896,737,5
897,57,3
897,151,5
897,665,5
898,69,5
898,327,3
898,824,3
898,592,3
898,176,3
898,824,3
898,725,3
898,208,5
898,424,5
898,569,5
898,69,5
899,369,5
900,663,5
900,383,5
900,585,5
900,649,5
900,388,5
901,24,5
902,369,0
903,793,0
903,497,5
903,782,5
903,412,5
903,804,5
903,660,5
903,327,5
903,240,0
903,95,5
904,667,5
904,667,5
905,427,5
906,476,5
906,150,5
907,69,3
908,475,5
909,383,5
910,829,5
911,4,5
912,793,3
913,633,5
914,427,5
915,480,3
915,704,0
916,245,3
917,804,3
917,553,5
918,761,5
919,23,5
919,511,5
920,69,5
921,542,3
922,310,3
923,237,5
924,574,3
925,531,3
925,531,3
926,419,5
927,804,5
927,354,5
927,135,5
928,286,3
928,300,5
928,439,5
928,616,5
928,619,5
928,618,0
928,315,5
928,193,5
928,490,5
928,271,3
928,806,3
929,17,5
929,410,3
929,774,3
929,6,5
930,701,5
931,145,5
932,172,5
932,655,5
933,123,5
934,180,5
935,334,5
935,333,3
935,338,3
935,271,3
935,620,5
936,742,3
937,466,5
938,327,5
939,123,5
940,183,5
941,668,3
942,804,5
943,443,3
944,58,0
945,792,0
946,25,3
946,13,5
947,408,5
948,777,0
949,354,5
949,368,5
950,784,5
950,113,5
950,793,3
950,723,3
951,263,5
952,456,3
953,277,0
953,344,5
953,542,5
954,203,3
954,667,5
954,78,5
954,358,5
954,119,5
954,745,5
954,671,5
954,696,5
954,695,3
954,9,5
954,498,3
954,667,5
954,354,5
954,443,3
954,86,5
954,553,5
954,443,0
954,95,5
954,477,5
955,707,3
956,6,5
957,784,5
958,105,0
959,313,0
960,258,5
961,194,5
962,516,5
962,765,5
962,765,5
963,761,3
964,570,5
965,260,5
966,804,5
967,460,5
967,183,5
967,123,5
967,520,5
968,675,5
968,816,5
968,304,5
968,399,3
968,399,3
968,399,5
968,399,5
968,443,5
968,798,5
969,542,5
970,304,5
970,408,5
970,842,5
970,665,3
970,443,3
970,225,5
971,489,3
972,408,3
973,333,3
974,679,5
975,287,3
976,680,5
977,542,3
977,816,0
977,49,0
977,256,3
977,49,0
977,374,3
977,668,0
977,256,3
977,133,3
977,69,3
977,40,5
977,369,5
977,157,5
977,427,5
978,161,5
978,486,5
978,161,5
979,256,0
979,383,0
979,256,0
980,498,5
980,399,5
980,538,5
980,8,5
980,399,5
980,51,5
981,553,3
982,587,0
983,610,5
984,596,5
984,596,5
985,223,5
985,223,5
986,415,5
986,415,5
986,161,5
986,443,0
986,359,3
986,186,3
986,816,5
986,443,0
986,553,5
986,443,0
987,226,5
987,588,3
987,143,5
987,816,5
987,570,3
987,7,5
987,668,5
988,802,5
988,839,3
988,26,0
988,383,5
988,386,5
988,778,3
988,715,5
988,264,3
988,336,3
988,373,5
988,574,3
988,65,5
988,229,5
988,130,3
988,103,0
988,496,3
988,161,5
988,701,3
988,407,5
988,506,5
988,407,5
988,585,3
988,151,3
988,183,3
988,354,3
989,7,3
989,598,5
989,69,5
989,218,3
989,560,5
989,471,5
989,681,3
989,583,5
989,390,0
989,621,3
989,9,5
990,843,5
991,408,5
992,64,5
992,84,5
993,383,3
993,68,5
994,151,5
994,443,3
995,408,5
996,369,0
997,569,5
998,465,3
998,152,3
998,443,5
999,5,5
1000,203,5
1001,574,5
1002,13,5
1003,793,5
1004,109,5
1004,109,5
1005,443,0
1005,161,5
1006,668,0
1007,118,3
1008,688,5
1009,69,0
1010,34,5
1011,681,5
1012,157,5
1012,34,5
1012,224,5
1013,177,3
1013,62,3
1013,655,5
1013,786,3
1014,804,5
1014,454,3
1014,106,3
1014,245,3
1014,338,3
1014,174,5
1014,266,5
1014,369,3
1014,207,5
1015,69,0
1015,574,5
1015,245,3
1015,677,3
1016,203,5
1017,49,3
1017,49,3
1018,399,5
1018,412,0
1018,609,5
1018,399,5
1019,245,5
1020,427,5
1021,761,5
1021,443,5
1021,628,5
1021,78,5
1022,23,5
1022,315,5
1023,246,5
1023,567,3
1023,338,5
1024,258,5
1024,383,5
1025,342,5
1025,342,5
1025,342,5
1025,342,5
1026,530,5
1027,299,3
1027,427,3
1027,482,0
1027,53,3
1027,309,5
1027,370,5
1027,369,5
1028,777,5
1029,550,5
1030,688,5
1030,815,3
1030,681,5
1030,505,5
1031,338,5
1032,665,3
1033,427,5
1033,569,5
1034,542,0
1035,389,5
1035,574,5
1036,609,0
1037,85,5
1038,719,5
1039,810,5
1039,737,5
1039,472,3
1040,138,0
1041,553,5
1041,428,5
1042,255,5
1043,69,3
1043,821,5
1043,560,3
1044,553,5
1045,443,3
1045,383,5
1045,633,3
1046,553,3
1046,574,3
1047,6,5
1048,409,5
1048,408,5
1049,804,5
1050,121,5
1051,342,3
1051,342,3
1052,358,5
1053,574,5
1053,313,5
1053,95,5
1054,431,3
1054,431,3
1054,424,3
1054,569,0
1055,542,3
1056,162,5
1056,412,5
1056,162,5
1056,443,5
1057,644,5
1058,844,5
1059,637,5
1059,131,3
1059,572,5
1060,405,5
1061,145,5
1061,267,5
1062,445,3
1062,364,3
1063,135,5
1064,291,5
1064,109,3
1064,109,3
1065,258,0
1066,634,5
1067,718,5
1068,784,5
1068,82,5
1068,784,5
1068,784,5
1069,784,5
1070,597,5
1071,775,3
1071,834,5
1071,121,5
1071,784,3
1072,547,5
1072,180,5
1072,516,5
1073,706,5
1073,458,5
1073,416,3
1073,804,3
1073,553,5
1074,24,5
1075,574,0
1076,24,5
1077,542,5
1078,465,3
1078,588,3
1078,824,3
1078,569,0
1078,791,5
1078,304,3
1078,824,3
1079,655,5
1080,804,5
1080,771,5
1080,493,5
1080,553,5
1080,204,5
1080,354,5
1080,521,5
1080,358,3
1081,9,5
1082,681,5
1083,95,3
1083,391,5
1083,47,5
1083,816,0
1084,793,5
1085,22,5
1085,279,5
1085,736,5
1085,542,5
1085,184,3
1085,159,3
1085,22,5
1085,824,5
1085,537,3
1085,86,5
1085,69,5
1085,184,3
1085,66,3
1085,445,3
1085,824,5
1085,66,3
1085,289,3
1085,816,5
1085,35,3
1085,688,5
1085,836,5
1085,78,3
1085,341,5
1085,804,5
1085,746,3
1085,353,5
1086,409,5
1086,81,5
1086,65,3
1086,116,3
1086,77,5
1086,135,5
1087,189,5
1087,95,5
1087,369,3
1087,797,0
1087,152,5
1088,109,5
1088,109,5
1089,816,0
1090,542,0
1090,808,5
1090,9,5
1090,152,3
1090,793,5
1090,203,5
1091,294,5
1092,478,0
1093,443,5
1094,55,5
1094,553,5
1094,231,3
1094,527,5
1094,366,5
1095,12,5
1095,720,5
1096,187,5
1096,305,3
1097,443,3
1097,95,5
1098,526,0
1099,78,3
1100,256,3
1100,256,3
1100,95,5
1101,752,5
1102,45,5
1102,78,5
1102,287,5
1102,485,5
1103,765,5
1103,765,5
1104,665,5
1105,224,3
1105,542,5
1105,782,3
1105,633,5
1105,235,5
1105,732,5
1105,560,5
1105,293,3
1105,235,3
1105,182,5
1105,469,5
1105,557,3
1105,235,3
1105,786,3
1105,114,3
1105,472,5
1105,152,5
1105,245,0
1106,203,5
1106,695,3
1106,761,0
1106,220,0
1106,700,3
1106,69,5
1106,157,5
1106,681,3
1107,15,3
1108,449,5
1109,57,0
1109,447,3
1109,184,5
1109,316,0
1109,542,5
1109,255,5
1109,504,0
1109,184,5
1110,596,5
1110,596,5
1111,542,5
1111,411,0
1112,416,5
1113,245,5
1113,815,5
1114,555,5
1115,420,5
1115,420,5
1116,362,3
1116,153,0
1116,654,3
1116,685,0
1116,653,0
1116,322,3
1116,331,3
1116,69,3
1116,20,5
1116,790,3
1116,572,5
1116,808,5
1116,244,3
1116,301,3
1116,656,3
1116,551,3
1116,581,3
1116,759,3
1116,599,3
1116,553,3
1116,701,3
1116,70,3
1116,210,3
1116,432,3
1116,432,5
1116,245,3
1116,174,5
1116,252,3
1116,151,3
1116,354,5
1116,690,3
1116,252,3
1116,299,0
1116,628,3
1116,327,0
1116,174,5
1116,629,5
1116,472,0
1116,635,0
1116,176,3
1116,710,0
1116,15,5
1116,670,3
1116,347,5
1116,289,3
1116,220,0
1116,174,3
1116,95,3
1117,173,5
1117,313,5
1118,553,5
1119,578,3
1120,408,3
1121,536,3
1121,274,5
1122,443,5
1123,142,3
1124,174,5
1125,816,5
1126,198,5
1127,296,5
1128,553,5
1128,701,3
1128,784,5
1129,174,5
1130,109,0
1130,109,0
1131,250,0
1132,296,5
1133,134,5
1134,207,3
1135,312,5
1136,266,5
1137,524,5
1138,459,3
1139,245,5
1140,152,5
1141,448,5
1141,138,3
1142,220,5
1143,109,5
1143,109,5
1144,183,5
1145,737,5
1146,161,3
1147,574,5
1147,816,3
1148,45,3
1148,408,5
1148,257,3
1148,524,3
1148,542,5
1148,787,3
1148,604,3
1149,78,5
1150,316,5
1151,587,5
1151,684,5
1152,20,5
1153,561,5
1154,318,5
1155,153,5
1155,69,5
1156,214,5
1156,524,5
1156,415,5
1157,443,5
1158,215,3
1158,443,5
1159,408,5
1159,718,3
1160,754,3
1161,266,3
1162,24,5
1163,439,5
1163,411,3
1164,553,5
1165,728,5
1165,800,5
1165,800,5
1165,802,5
1165,250,5
1165,804,3
1165,287,5
1165,73,3
1165,78,5
1165,86,5
1165,312,5
1165,656,5
1165,412,5
1165,833,5
1166,15,5
1166,701,5
1167,432,5
1167,841,5
1167,25,3
1167,43,5
1167,394,5
1167,79,5
1167,770,5
1167,827,5
1167,827,5
1167,287,5
1167,664,5
1167,304,5
1167,632,5
1168,553,5
1168,445,3
1168,820,5
1168,671,5
1168,177,0
1169,22,5
1169,22,5
1170,428,3
1171,443,3
1172,443,5
1173,49,5
1173,49,5
1174,816,5
1175,542,5
1175,245,5
1176,383,5
1176,245,5
1177,591,5
1177,799,5
1177,733,3
1177,439,5
1177,181,5
1177,354,5
1177,132,5
1177,36,5
1178,535,5
1178,589,5
1178,115,3
1178,421,5
1178,95,5
1178,688,3
1178,49,5
1178,424,5
1178,456,3
1178,78,5
1178,22,3
1178,184,5
1178,208,3
1178,327,3
1178,184,5
1178,609,5
1178,696,3
1178,424,5
1178,701,5
1178,22,3
1178,15,5
1178,665,5
1178,816,5
1178,782,5
1178,383,5
1178,222,3
1178,223,3
1178,109,3
1178,632,5
1178,394,5
1178,476,5
1178,245,5
1178,569,3
1178,465,3
1178,665,5
1178,223,3
1178,211,3
1178,49,5
1178,173,0
1178,69,5
1178,528,5
1178,736,3
1178,226,3
1178,109,3
1178,833,5
1178,383,5
1179,24,5
1180,472,0
1181,124,3
1182,324,5
1183,263,3
1184,131,3
1185,572,5
1186,245,3
1187,291,5
1188,123,0
1188,682,0
1189,838,0
1190,69,0
1191,609,3
1191,35,5
1191,542,5
1191,715,5
1192,737,5
1193,563,5
1194,294,0
1195,471,5
1196,69,3
1197,51,0
1198,404,0
1198,404,0
1199,445,0
1200,542,5
1200,179,3
1200,383,5
1200,66,5
1200,66,5
1200,675,5
1200,443,5
1200,258,5
1200,784,5
1201,619,5
1201,540,5
1202,153,3
1202,490,5
1202,256,5
1202,256,5
1202,338,5
1203,352,5
1204,95,5
1205,245,5
1206,824,5
1206,824,5
1207,245,5
1208,583,5
1208,145,5
1209,305,0
1210,161,0
1211,298,5
1212,499,5
1213,419,5
1213,252,3
1213,252,3
1214,778,5
1214,415,3
1214,174,5
1214,15,5
1214,138,5
1214,443,3
1215,280,0
1216,783,3
1217,80,5
1218,295,5
1219,358,5
1220,144,0
1221,804,5
1222,619,0
1222,325,3
1222,349,5
1222,349,5
1222,701,3
1222,670,0
1222,178,3
1222,622,3
1222,191,3
1222,141,5
1222,127,5
1222,783,0
1222,587,5
1222,45,5
1222,569,5
1222,455,5
1222,214,5
1222,816,5
1222,763,5
1222,67,3
1222,12,5
1222,816,5
1222,268,5
1222,59,5
1222,463,5
1222,59,3
1222,74,5
1222,127,5
1222,816,5
1222,203,3
1222,332,5
1222,607,5
1222,313,5
1222,703,3
1222,695,3
1222,502,5
1222,806,5
1222,5,5
1222,5,5
1222,161,5
1222,254,3
1222,312,5
1222,312,5
1222,312,5
1222,7,3
1222,152,3
1222,687,5
1222,413,5
1222,667,5
1222,707,5
1222,331,5
1222,331,5
1222,694,5
1222,694,5
1222,680,5
1222,409,5
1222,804,5
1222,183,5
1222,210,3
1222,771,5
1222,176,5
1222,326,3
1222,64,5
1222,161,5
1222,786,5
1222,331,5
1222,290,5
1222,331,5
1222,784,5
1222,804,5
1222,775,3
1222,711,5
1222,815,5
1222,483,5
1222,432,5
1222,142,3
1222,323,5
1222,358,5
1222,204,5
1222,358,5
1222,358,5
1222,432,5
1222,323,5
1222,358,5
1222,74,5
1222,815,0
1222,204,5
1222,815,5
1222,432,5
1222,204,5
1222,432,5
1222,432,5
1222,388,5
1222,667,5
1222,100,5
1222,684,5
1222,741,5
1222,741,5
1222,354,5
1222,801,5
1222,521,5
1222,251,5
1222,235,5
1222,681,5
1222,567,3
1222,15,5
1222,15,5
1222,816,5
1222,681,5
1222,15,5
1222,15,5
1222,447,5
1222,739,5
1222,235,5
1223,298,3
1224,354,5
1225,317,0
1225,670,5
1225,432,5
1225,152,5
1225,312,3
1225,245,5
1225,816,5
1226,447,5
1227,55,3
1227,113,3
1227,112,3
1228,542,5
1228,443,5
1228,245,5
1229,717,3
1230,443,5
1230,502,5
1230,610,5
1231,443,3
1232,383,5
1233,804,5
1234,524,5
1235,558,5
1235,558,5
1236,814,0
1236,211,0
1236,184,5
1236,184,5
1237,408,5
1238,688,5
1239,784,5
1240,816,0
1241,588,0
1242,183,3
1243,791,5
1244,584,5
1244,135,5
1244,486,3
1245,667,3
1245,667,3
1246,553,5
1247,0,5
1248,119,3
1249,445,3
1250,524,5
1251,609,0
1252,151,5
1253,266,5
1254,787,5
1254,569,3
1254,399,5
1254,443,5
1254,737,5
1254,304,3
1254,560,5
1254,399,5
1255,144,3
1256,245,3
1256,184,0
1256,256,0
1256,383,0
1256,737,5
1256,787,3
1256,293,0
1256,128,5
1256,399,0
1256,443,0
1256,412,3
1256,574,0
1256,810,3
1256,688,3
1256,184,0
1256,144,3
1256,415,0
1256,665,5
1256,588,0
1256,256,0
1256,829,5
1256,399,0
1256,432,3
1256,782,5
1256,319,0
1256,701,5
1256,209,0
1257,66,0
1257,66,0
1258,342,3
1258,765,5
1258,415,5
1258,765,5
1258,342,3
1258,250,3
1259,176,3
1259,496,3
1259,226,3
1260,151,5
1261,191,5
1262,24,5
1263,456,3
1264,587,3
1265,596,5
1265,596,5
1266,383,5
1266,117,5
1267,531,5
1267,531,5
1268,439,5
1269,793,5
1270,816,5
1271,619,5
1272,313,3
1272,313,5
1273,39,5
1274,699,3
1274,169,5
1274,616,5
1274,438,3
1274,399,5
1274,313,5
1274,474,5
1274,267,3
1274,245,5
1274,399,5
1274,383,5
1275,81,5
1275,81,5
1276,844,5
1276,170,5
1276,250,5
1276,443,5
1276,786,5
1276,786,5
1277,609,3
1277,701,5
1277,800,3
1277,161,5
1277,633,5
1277,542,5
1277,245,5
1277,43,3
1278,223,5
1278,223,5
1278,538,5
1278,787,5
1278,417,5
1278,502,5
1278,225,5
1278,160,5
1278,81,5
1278,173,5
1278,585,5
1278,412,5
1278,715,5
1278,34,5
1278,174,5
1278,399,5
1278,119,5
1278,399,5
1279,161,5
1280,342,5
1280,342,5
1281,486,3
1282,245,0
1282,179,5
1282,531,5
1282,531,5
1282,58,0
1282,161,0
1282,737,0
1283,368,5
1284,626,5
1285,63,3
1286,207,3
1286,608,5
1287,676,5
1288,191,5
1289,737,5
1290,804,5
1290,151,5
1290,702,5
1290,560,3
1291,582,3
1292,58,5
1292,753,5
1293,598,5
1293,804,5
1294,395,5
1295,542,5
1296,415,5
1297,705,3
1297,604,3
1297,226,3
1297,304,3
1298,574,5
1298,2,5
1298,225,5
1298,531,5
1298,531,5
1298,422,5
1298,787,5
1298,144,5
1299,575,3
1299,681,5
1300,560,5
1300,503,3
1301,553,5
1301,161,5
1302,665,5
1303,419,5
1304,447,5
1305,749,5
1306,69,0
1307,589,5
1307,348,5
1307,195,5
1307,598,3
1307,287,5
1307,226,5
1307,432,5
1307,704,3
1307,729,5
1307,636,5
1307,439,5
1307,408,5
1307,464,0
1307,342,5
1307,656,3
1307,623,5
1307,161,5
1307,522,5
1307,384,5
1307,342,5
1307,247,5
1307,452,5
1307,235,5
1307,687,5
1307,701,5
1307,485,5
1308,121,5
1308,339,3
1308,21,5
1308,161,3
1308,49,5
1308,49,5
1308,542,3
1309,425,5
1310,287,5
1310,687,5
1310,687,5
1311,151,5
1311,778,5
1311,761,5
1311,252,3
1311,661,0
1311,710,0
1311,252,3
1311,369,5
1311,299,5
1311,726,5
1312,144,5
1313,344,5
1314,399,5
1314,524,5
1314,257,5
1314,399,5
1315,806,0
1315,542,3
1316,226,5
1317,66,0
1317,66,0
1318,804,0
1319,399,3
1319,399,3
1320,762,5
1321,177,0
1321,87,0
1322,408,5
1323,272,5
1323,412,5
1324,245,5
1324,47,5
1324,542,3
1325,109,5
1325,443,5
1325,161,5
1325,465,5
1325,47,5
1325,109,5
1325,829,5
1325,816,5
1325,534,5
1325,609,3
1326,95,5
1326,412,5
1326,701,3
1326,50,5
1326,256,3
1326,22,3
1326,833,5
1326,99,5
1326,446,5
1326,78,5
1326,266,5
1326,157,0
1326,64,5
1326,476,5
1326,445,5
1326,364,5
1326,364,3
1326,824,5
1326,109,5
1326,793,3
1326,582,5
1326,822,5
1326,245,0
1326,19,3
1326,335,5
1326,424,3
1326,50,5
1326,444,3
1326,256,3
1326,822,5
1326,109,5
1326,824,5
1326,22,3
1326,143,5
1327,69,5
1328,383,5
1328,542,3
1328,176,3
1329,726,5
1330,538,5
1330,406,3
1330,715,5
1330,569,5
1330,737,5
1330,399,5
1330,399,5
1330,553,5
1331,138,3
1331,476,5
1331,553,3
1331,24,5
1332,109,5
1332,109,5
1333,49,5
1333,526,5
1333,49,5
1334,80,3
1334,766,0
1335,47,5
1335,670,0
1335,368,5
1335,201,5
1335,183,5
1335,771,5
1335,647,5
1335,792,0
1336,327,3
1337,369,5
1338,20,5
1339,639,0
1339,553,5
1339,238,3
1339,88,5
1339,238,3
1340,608,0
1340,302,3
1341,447,5
1342,533,5
1343,123,5
1344,316,5
1344,316,5
1345,816,0
1346,443,5
1347,365,5
1347,75,5
1348,22,5
1348,22,5
1349,354,0
1350,542,5
1351,177,5
1352,138,5
1353,203,5
1354,526,3
1355,424,5
1355,806,5
1355,609,5
1355,476,5
1355,109,5
1355,253,5
1355,109,5
1355,833,5
1355,831,5
1356,203,5
1357,503,5
1358,167,0
1359,245,5
1359,553,5
1359,668,3
1359,784,3
1360,816,5
1360,9,5
1361,542,0
1362,383,0
1363,124,5
1364,572,5
1364,81,5
1365,140,5
1366,24,3
1367,443,0
1368,245,5
1369,485,5
1370,383,5
1371,722,5
1372,511,5
1372,53,5
1373,138,0
1374,443,5
1374,443,5
1375,123,5
1376,619,5
1376,282,5
1376,176,5
1376,282,3
1376,245,3
1377,161,3
1377,503,5
1378,419,5
1379,804,5
1380,262,5
1380,439,5
1381,203,5
1382,255,5
1383,767,5
1384,748,5
1385,342,3
1385,342,3
1386,735,3
1386,121,3
1386,73,5
1386,503,3
1386,542,5
1387,553,5
1387,399,5
1387,472,5
1387,383,5
1387,399,5
1387,125,5
1388,406,5
1388,26,5
1389,479,5
1390,66,5
1390,66,5
1391,176,0
1392,319,5
1392,175,5
1392,763,5
1392,614,5
1392,512,5
1392,88,5
1392,226,3
1392,443,5
1392,383,5
1392,512,5
1392,542,5
1392,415,5
1392,433,5
1392,485,5
1392,697,5
1392,822,5
1392,204,5
1392,683,5
1392,747,5
1392,217,5
1392,209,5
1392,338,5
1392,3,5
1392,278,5
1392,785,3
1393,461,5
1394,542,0
1395,22,0
1395,22,0
1396,56,3
1397,569,5
1398,369,5
1399,597,5
1400,30,5
1400,768,5
1400,207,3
1400,31,5
1400,586,3
1401,434,5
1401,315,5
1402,836,5
1403,648,5
1403,151,3
1404,258,5
1404,82,5
1405,245,0
1405,574,5
1405,816,3
1405,383,0
1406,81,5
1407,245,5
1407,333,5
1407,66,3
1407,66,3
1408,714,5
1408,784,5
1408,142,5
1408,197,5
1408,408,5
1408,714,5
1409,538,5
1410,138,5
1411,766,5
1412,120,5
1413,597,5
1414,333,5
1414,499,5
1414,51,5
1414,272,5
1415,562,5
1416,671,5
1416,153,5
1417,64,5
1418,183,5
1419,141,5
1420,184,3
1420,184,3
1420,715,5
1420,542,5
1420,443,5
1420,291,5
1420,809,5
1420,701,5
1420,89,5
1420,183,5
1420,808,5
1420,667,5
1420,193,3
1420,737,5
1420,687,0
1420,667,5
1420,173,5
1420,415,5
1420,261,5
1420,383,3
1420,383,5
1421,456,5
1422,443,5
1423,95,5
1423,412,5
1424,490,5
1425,833,0
1425,820,5
1426,542,5
1427,290,0
1428,68,5
1429,532,5
1430,316,5
1431,762,5
1432,22,5
1432,22,5
1433,728,0
1434,356,5
1434,174,3
1435,447,5
1436,313,5
1437,456,5
1438,383,5
1438,804,5
1439,813,5
1440,32,5
1441,304,3
1442,555,3
1442,350,5
1442,707,5
1442,15,5
1442,553,5
1443,411,5
1444,462,0
1444,183,5
1444,7,3
1444,174,5
1444,183,5
1444,655,3
1445,542,5
1446,596,5
1446,596,5
1447,25,5
1447,203,0
1448,804,5
1449,793,5
1450,412,5
1450,245,5
1450,542,5
1451,302,3
1452,569,0
1452,49,3
1452,191,5
1452,563,3
1452,49,3
1452,523,5
1452,491,5
1452,338,3
1452,816,3
1452,364,5
1452,828,3
1452,356,3
1452,153,3
1452,161,5
1452,608,3
1452,469,3
1452,292,5
1452,298,3
1452,495,0
1452,147,5
1452,245,5
1452,712,5
1452,55,5
1452,12,3
1452,106,5
1453,298,3
1453,569,5
1454,339,3
1454,176,5
1454,526,5
1454,51,3
1455,69,5
1456,784,0
1457,95,5
1458,228,5
1459,573,5
1460,488,5
1461,173,5
1461,443,3
1462,320,5
1463,542,3
1463,266,5
1464,590,5
1465,808,5
1466,64,5
1466,503,3
1467,257,5
1468,223,3
1468,223,3
1468,701,3
1468,205,5
1468,424,3
1469,15,5
1470,265,3
1470,213,5
1471,226,3
1471,177,3
1471,69,5
1472,779,5
1473,339,5
1474,729,5
1474,371,3
1475,333,3
1475,804,0
1475,707,5
1475,553,5
1476,512,0
1476,512,0
1476,569,5
1477,492,3
1477,712,5
1477,333,0
1477,152,5
1477,519,5
1477,816,5
1477,497,3
1477,43,3
1477,245,0
1477,643,5
1477,631,5
1477,219,5
1477,542,3
1477,64,5
1477,208,5
1477,109,5
1477,109,5
1477,51,5
1477,75,0
1477,318,5
1477,203,3
1478,415,0
1479,142,3
1479,553,5
1480,667,5
1480,667,5
1481,223,5
1481,223,5
1482,574,5
1482,574,5
1483,138,5
1483,64,5
1483,784,5
1484,49,5
1484,49,5
1485,443,0
1485,465,5
1486,187,3
1486,784,5
1486,425,5
1486,214,5
1487,668,3
1487,35,5
1487,542,3
1487,739,3
1487,109,3
1487,78,3
1487,327,5
1487,109,3
1488,486,3
1488,95,5
1488,671,5
1488,142,3
1489,724,5
1490,73,3
1490,161,5
1490,22,5
1490,833,5
1490,207,3
1490,826,5
1490,22,5
1491,490,5
1492,553,5
1492,383,5
1492,69,3
1492,238,5
1492,820,3
1492,793,5
1492,238,5
1492,762,5
1493,245,5
1493,526,5
1493,353,5
1493,333,5
1494,245,5
1495,665,5
1495,184,5
1495,256,5
1495,671,5
1495,832,5
1495,383,3
1495,78,3
1495,226,3
1495,245,3
1495,468,5
1495,302,3
1495,49,3
1495,313,5
1495,542,5
1495,95,5
1495,667,5
1495,184,5
1495,696,3
1495,579,3
1495,727,3
1495,49,3
1495,174,5
1495,765,3
1495,694,5
1495,338,3
1495,443,3
1495,695,3
1495,256,5
1495,820,3
1495,174,5
1495,15,5
1495,389,5
1495,667,5
1495,123,5
1495,553,5
1495,815,3
1495,765,3
1496,419,5
1497,53,3
1498,273,3
1498,784,3
1499,24,5
1499,477,3
1500,800,5
1500,800,5
1501,20,5
1502,804,5
1503,443,5
1504,145,5
1504,784,5
1505,324,5
1506,816,5
1506,223,5
1506,465,5
1506,223,5
1507,737,3
1507,714,3
1507,714,3
1508,553,5
1509,482,5
1509,311,5
1510,187,3
1510,245,5
1511,203,5
1511,203,5
1512,428,3
1512,462,5
1513,833,0
1514,443,3
1514,677,5
1514,176,5
1514,310,3
1514,78,3
1514,341,5
1514,546,3
1514,498,3
1514,66,3
1514,759,3
1514,69,5
1514,109,3
1514,505,5
1514,830,3
1514,569,3
1514,465,3
1514,366,3
1514,22,5
1514,35,5
1514,739,5
1514,609,5
1514,139,5
1514,22,5
1514,298,3
1514,560,3
1514,491,3
1514,412,5
1514,844,5
1514,227,3
1514,828,5
1514,69,5
1514,95,3
1514,153,3
1514,542,0
1514,50,3
1514,78,5
1514,266,5
1514,431,5
1514,736,5
1514,711,5
1514,756,3
1514,111,3
1514,58,0
1514,250,5
1514,445,5
1514,668,5
1514,50,3
1514,161,5
1514,364,5
1514,467,3
1514,66,3
1514,431,5
1514,790,5
1514,20,5
1514,109,3
1514,226,3
1514,7,3
1514,20,5
1514,20,3
1514,709,3
1514,36,3
1514,833,5
1514,43,3
1514,704,3
1514,327,5
1514,289,3
1515,770,3
1515,542,5
1515,208,5
1515,782,3
1515,78,5
1515,161,3
1516,656,5
1517,806,5
1517,443,0
1518,196,5
1519,15,5
1520,107,5
1520,107,5
1521,257,5
1522,250,0
1523,815,5
1523,78,5
1524,443,5
1525,383,3
1526,510,5
1526,225,5
1526,238,5
1526,92,5
1526,112,5
1526,650,5
1526,41,5
1526,55,5
1526,68,5
1526,308,5
1526,213,5
1526,678,5
1526,292,5
1526,545,5
1526,269,5
1526,484,5
1526,600,5
1526,782,5
1526,238,5
1526,665,5
1526,306,5
1526,605,5
1526,155,5
1526,644,5
1526,604,5
1526,840,5
1526,170,5
1526,639,5
1527,20,5
1527,542,5
1527,333,5
1527,544,5
1528,485,0
1529,718,3
1530,57,5
1531,327,5
1532,443,5
1533,668,5
1534,737,5
1535,412,5
1535,50,3
1535,816,5
1535,50,3
1536,338,5
1537,574,5
1538,345,5
1539,338,5
1540,443,0
1540,415,5
1540,238,3
1540,383,5
1540,238,3
1541,109,5
1541,7,3
1541,784,5
1541,419,5
1541,109,5
1542,597,0
1543,804,5
1544,800,5
1544,256,5
1544,330,5
1544,465,5
1544,109,3
1544,153,5
1544,179,5
1544,709,3
1544,668,3
1544,109,3
1544,43,5
1544,391,5
1544,50,5
1544,256,5
1544,815,5
1544,569,3
1544,759,5
1544,424,3
1544,570,5
1544,250,0
1544,542,5
1544,521,5
1544,266,5
1544,485,5
1544,609,5
1544,50,5
1544,725,3
1544,608,3
1544,844,5
1545,816,5
1546,632,5
1546,78,3
1546,109,5
1546,833,5
1546,109,5
1546,665,5
1546,152,5
1547,542,0
1548,49,3
1548,101,5
1548,49,3
1549,109,5
1549,109,5
1549,245,3
1549,501,5
1549,78,5
1549,681,3
1549,477,5
1549,266,5
1549,793,5
1549,745,5
1549,701,5
1549,69,3
1549,69,3
1549,833,3
1549,383,5
1549,687,5
1549,412,5
1549,36,3
1549,838,3
1550,619,5
1550,142,3
1550,701,5
1550,784,3
1550,383,5
1550,258,5
1550,95,5
1550,542,3
1550,47,5
1551,9,5
1551,123,5
1552,123,5
1553,245,5
1554,88,5
1555,381,5
1555,190,5
1555,199,5
1556,344,5
1557,604,5
1558,324,0
1558,428,0
1558,538,0
1559,569,5
1560,333,5
1560,161,0
1561,784,3
1562,291,5
1562,383,5
1563,692,5
1564,714,5
1564,197,5
1564,798,5
1564,98,5
1564,553,5
1564,399,5
1564,324,0
1564,292,5
1564,399,5
1564,336,3
1564,486,5
1564,408,5
1564,778,5
1564,383,5
1564,615,5
1564,778,5
1564,778,5
1564,714,5
1564,98,5
1565,477,5
1566,743,0
1567,456,3
1567,383,0
1567,287,5
1567,560,5
1568,142,3
1568,152,5
1569,755,5
1570,694,3
1570,558,5
1570,15,5
1570,558,5
1570,292,5
1570,170,5
1570,842,5
1570,24,3
1570,204,5
1570,625,5
1570,83,3
1570,665,5
1571,138,5
1571,784,3
1571,383,5
1571,717,5
1571,443,5
1572,683,5
1573,538,3
1574,503,3
1574,503,3
1574,338,5
1574,338,5
1575,127,5
1575,324,0
1576,639,5
1577,95,5
1578,174,5
1579,250,5
1580,574,5
1580,223,5
1580,223,5
1581,20,0
1581,542,5
1581,245,5
1581,609,0
1582,176,3
1583,287,0
1584,587,5
1585,383,5
1585,542,5
1585,528,5
1586,428,5
1587,368,5
1588,804,5
1589,148,3
1589,688,5
1589,587,5
1589,292,5
1590,390,5
1591,709,3
1591,304,3
1591,575,5
1591,804,5
1591,784,5
1591,226,3
1592,81,5
1593,161,3
1594,383,5
1595,109,3
1595,399,5
1595,109,3
1595,399,5
1596,418,3
1596,328,5
1596,571,5
1596,94,5
1596,817,5
1596,801,5
1596,774,3
1596,601,3
1596,663,5
1597,81,5
1598,569,5
1599,615,5
1600,15,3
1601,203,5
1602,79,5
1602,424,5
1602,439,5
1602,574,5
1602,22,5
1602,542,5
1602,106,5
1602,713,3
1602,341,5
1602,765,5
1602,183,3
1602,775,3
1602,765,5
1602,78,5
1602,174,5
1602,820,5
1602,183,3
1602,667,5
1602,798,5
1602,61,3
1602,64,5
1602,667,5
1602,833,5
1602,707,5
1602,656,5
1602,816,5
1602,195,5
1602,22,5
1602,176,5
1602,713,3
1602,502,5
1602,537,5
1602,609,5
1602,287,5
1603,272,5
1604,633,3
1604,383,5
1604,553,5
1605,18,5
1605,110,3
1605,404,3
1605,383,5
1605,301,3
1605,245,0
1605,238,5
1605,737,5
1605,213,5
1605,399,5
1605,470,5
1605,715,3
1605,472,5
1605,701,5
1605,728,3
1605,383,5
1605,66,0
1605,205,3
1605,806,3
1605,329,3
1605,359,3
1605,642,3
1605,428,5
1605,689,3
1605,51,5
1605,66,0
1605,757,3
1605,238,5
1605,399,5
1605,674,3
1605,359,3
1605,580,3
1605,245,5
1605,158,3
1605,3,3
1605,749,5
1605,443,3
1605,810,3
1605,179,3
1605,78,3
1605,327,3
1605,721,3
1605,2,3
1605,404,3
1605,266,5
1605,553,5
1605,335,3
1605,800,3
1605,538,3
1605,415,3
1605,716,0
1605,502,3
1605,438,3
1605,661,5
1605,782,3
1605,688,3
1606,399,5
1606,399,5
1607,348,0
1608,109,5
1608,109,5
1609,210,3
1610,191,3
1611,400,0
1612,737,3
1612,574,5
1613,326,3
1613,253,3
1613,842,5
1613,255,5
1614,415,3
1614,498,3
1614,835,0
1614,161,0
1615,138,3
1616,443,5
1617,696,3
1617,542,3
1617,246,5
1617,47,3
1617,610,5
1618,810,5
1619,443,0
1620,765,5
1620,833,5
1620,288,5
1620,833,5
1620,32,5
1620,765,5
1620,780,5
1620,234,5
1620,780,5
1620,225,5
1621,258,3
1621,443,3
1621,383,5
1621,443,5
1622,637,3
1622,792,5
1622,800,0
1622,800,0
1623,816,3
1624,203,5
1624,668,5
1624,816,0
1624,43,5
1625,544,5
1625,648,3
1625,761,5
1625,809,5
1625,572,5
1625,368,5
1625,242,5
1625,560,5
1625,419,3
1626,223,5
1626,46,5
1626,472,5
1626,574,5
1626,187,3
1626,153,3
1626,223,5
1626,74,5
1626,529,3
1626,361,5
1626,626,3
1626,211,3
1626,824,3
1626,758,3
1626,63,5
1626,118,5
1626,443,3
1626,436,5
1626,481,3
1626,366,3
1626,824,3
1626,680,5
1627,645,5
1628,688,5
1628,737,5
1629,203,5
1629,333,5
1629,791,3
1629,755,5
1630,508,0
1631,383,5
1631,595,3
1631,21,5
1631,383,5
1631,383,5
1631,383,5
1631,609,3
1631,383,5
1631,383,5
1631,383,5
1631,383,5
1631,443,3
1631,383,5
1631,236,5
1631,595,3
1631,383,5
1631,383,5
1631,383,5
1631,812,5
1631,595,3
1631,236,3
1631,236,3
1632,142,3
1633,298,0
1633,803,5
1633,741,5
1633,256,5
1633,78,5
1633,443,0
1633,256,5
1633,99,3
1633,427,5
1633,58,0
1633,383,3
1634,629,0
1635,739,5
1635,824,3
1635,824,3
1636,258,5
1636,258,5
1636,258,5
1637,816,0
1638,553,5
1639,63,5
1640,565,3
1640,280,3
1640,835,3
1640,443,5
1640,456,3
1640,51,5
1640,103,3
1640,383,5
1641,79,5
1642,842,5
1643,169,3
1644,804,3
1644,761,0
1645,784,3
1645,747,5
1645,153,3
1645,423,5
1645,709,5
1645,305,3
1645,528,5
1645,4,5
1645,701,5
1645,210,5
1645,793,5
1645,646,5
1645,759,5
1645,354,5
1645,101,5
1646,443,5
1647,123,5
1648,353,5
1648,245,0
1648,52,3
1649,790,0
1650,266,5
1650,443,3
1651,49,5
1651,49,5
1652,443,3
1652,415,5
1653,391,0
1654,784,3
1654,443,0
1655,486,3
1656,174,5
1657,426,5
1658,315,3
1659,538,5
1660,816,3
1660,152,5
1660,287,5
1660,78,5
1661,656,5
1662,443,5
1662,784,5
1663,164,5
1664,794,5
1665,305,0
1665,372,5
1666,686,5
1667,49,5
1667,49,5
1667,443,5
1668,574,5
1669,333,5
1669,772,5
1669,772,5
1669,226,0
1669,138,5
1670,492,5
1671,66,0
1671,66,0
1672,833,5
1673,256,5
1673,256,5
1674,808,5
1675,764,5
1675,542,5
1675,656,5
1676,816,5
1677,798,0
1678,7,0
1678,49,0
1678,101,0
1678,609,3
1678,49,0
1678,713,3
1678,713,3
1678,226,3
1678,701,5
1678,666,3
1678,483,5
1678,4,0
1679,460,5
1680,737,5
1681,598,5
1682,138,5
1683,574,5
1683,245,5
1683,443,5
1684,151,5
1685,223,5
1685,223,5
1686,553,5
1686,415,5
1686,355,5
1687,9,5
1688,55,5
1689,375,5
1690,151,5
1690,412,5
1691,49,0
1691,49,0
1691,643,0
1691,408,3
1691,704,5
1691,174,5
1691,245,5
1691,542,5
1691,612,5
1691,759,3
1691,245,5
1691,307,0
1691,409,3
1691,258,5
1691,668,3
1691,338,5
1691,806,0
1691,187,3
1692,42,3
1692,665,5
1692,574,5
1692,703,3
1693,241,5
1694,427,3
1695,448,3
1696,609,5
1697,9,3
1697,553,5
1697,408,5
1697,707,3
1697,443,3
1698,726,5
1699,151,5
1700,57,5
1700,710,5
1700,29,0
1701,804,5
1702,324,5
1703,427,5
1703,369,5
1703,103,3
1704,24,5
1705,833,3
1705,312,3
1705,226,3
1706,340,5
1707,203,3
1707,158,5
1707,665,5
1708,49,5
1708,49,5
1709,486,3
1710,245,5
1711,43,3
1711,191,3
1711,560,5
1711,109,5
1711,736,5
1711,711,5
1711,693,5
1711,161,3
1711,161,5
1711,727,5
1711,472,3
1711,327,3
1711,445,5
1711,337,5
1711,701,3
1711,266,3
1711,95,5
1711,542,5
1711,109,5
1711,609,3
1712,542,3
1713,291,5
1714,287,3
1715,24,0
1716,526,5
1716,7,5
1716,161,5
1717,408,3
1718,240,5
1719,51,5
1720,51,5
1721,95,5
1722,801,3
1723,609,5
1724,162,0
1724,822,3
1724,203,3
1724,25,3
1724,162,0
1724,822,3
1724,737,5
1724,737,5
1725,399,5
1725,144,0
1725,350,3
1725,88,5
1725,255,5
1725,426,5
1725,425,0
1725,399,5
1725,359,5
1725,383,5
1725,701,5
1726,701,3
1726,15,5
1726,671,5
1726,24,3
1726,303,3
1727,687,5
1727,171,5
1727,574,5
1728,161,5
1728,553,5
1729,505,5
1729,319,0
